国家,学校分类,排名,成立年份,州省,title,学生人数,性质,城市,网址,rank,宗教信仰
加拿大,医博类大学,2,1827年,安大略,多伦多大学 ,"46,050",公立，男女合校,多伦多,www.utoronto.ca,20,无
,,,,,贵州大学 ,,,,,510,
美国,综合性大学,-*(3),1899*(2),德克萨斯州,德克萨斯州立大学 ,"37,979",公立，男女合校,圣马科斯,www.txstate.edu,509,无
"
美国
",,,,,路易斯安那州 ,,,,,508,
,,,,,新疆大学 ,,,,,507,
,,,,,四川农业大学 ,,,,,506,
美国,1:16*(3),USNEWS：120*(2),1898,伊利诺伊州,德保罗大学 ,,私立，男女合校*(3),芝加哥,中北部学院及学校协会（NCACS）*(3),505,天主
,,,,,太原理工大学 ,,,,,504,
美国,全国性大学,2*(2),1636*(1),马萨诸塞州,哈佛大学 ,"10,803",私立，男女合校,剑桥（马萨诸塞州）,www.harvard.edu,1,无
,,,,,广西大学 ,,,,,502,
加拿大,综合类大学,13,1911年,安大略省,劳里埃大学 ,"14,760",公立，男女合校,滑铁卢、布兰特福德、基奇纳,www.wlu.ca,503,无
,,,,,安徽大学 ,,,,,500,
美国,1%,RNP,1910,密西西比州,南密西西比大学 ,"14,551",公立，男女合校,哈蒂斯堡,综合性大学,501,无
"
英国
","
综合性大学
","
77
","
1843年
","
英格兰
",谢菲尔德哈莱姆大学 ,"
37,160
","
公立，男女合校
","
谢菲尔德
","
www.shu.ac.uk
",499,"
无
"
,,,,,东北林业大学 ,,,,,498,
美国,"12,722",RNP,1964,俄亥俄州,怀特州立大学 ,"17,070",公立，男女合校,戴顿,"4,348",497,无
"
澳大利亚
",,,,"
北领地
",乌鲁（北领地） ,,,,,495,
美国,全国性大学,USNEWS：216*(2),1881,南达科他州,南达科他州立大学 ,"12,589",公立，男女合校*(4),布鲁斯金,www.sdstate.edu,494,
加拿大,基础类大学,3,1967年,阿尔伯塔省,莱斯布里奇大学 ,"9,150",公立，男女合校,莱斯布里奇,www.uleth.ca,493,无
159,"20,760",,公立，男女合校,美国,伊利诺伊州立大学 ,无,诺摩尔,伊利诺伊州,"18,426",496,1857
,,,,,陕西师范大学 ,,,,,492,
加拿大,基础类大学,6,1964年,安大略省,川特大学 ,"8,321",公立，男女合校,彼得伯勒、奥沙瓦,www.trentu.ca,490,无
,,,,,云南大学 ,,,,,491,
美国,"14,334",202,1910,俄亥俄州,博林格林州立大学 ,"16,908",公立，男女合校,博林格林,"2,574",489,无
美国,"18,567",207,1903,密歇根州,西密歇根大学 ,"23,556",公立，男女合校,卡拉马祖,"4,989",487,无
美国,1:8*(3),USNEWS：9*(2),1838年,北卡罗来纳州,杜克大学 ,,私立，男女合校*(3),达勒姆,美国大学协会（AAU）南方常春藤隐藏常春藤*(1),21,无
"
美国
",,,,,圣地亚哥（加州） ,,,,,486,
美国,"6,824*(3)",132*(2),1935*(1),纽约州*(1),霍夫斯特拉大学 ,"10,814",私立，男女合校*(1),汉普斯特德*(1),"3,990*(3)",485,无
德国,综合性大学，可授予博士学位,,1765年*(1),,弗莱贝格工业大学 ,"5,600(2013年)*(4)",公立，男女合校,弗莱贝格,tu-freiberg.de,484,无
"
英国
","
综合性大学
","
98
","
1850年
","
英格兰
",索尔福德大学 ,"
21,755
","
公立，男女合校
","
索尔福德
","
www.salford.ac.uk
",482,"
无
"
美国,全国性大学,120*(3),1887年*(1),哥伦比亚特区,美国天主大学 ,"6,881",私立，男女合校,华盛顿,www.cua.edu*(6),481,天主教
"
英国
","
综合性大学
","
60
","
1970年
","
英格兰
",西英格兰大学 ,"
30,390
","
公立，男女合校
","
布里斯托
","
www.uwe.ac.uk
",480,"
无
"
加拿大,基础类大学,8,1865年,安大略省,湖首大学 ,"7,848",公立，男女合校,雷湾,www.lakeheadu.ca,483,无
"
英国
","
综合性大学
","
61
","
1843年
","
英格兰
",诺丁汉特伦特大学 ,"
27,930
","
公立，男女合校
","
诺丁汉
","
www.ntu.ac.uk
",478,"
无
"
美国,全国性大学,USNEWS：90*(2),1881,威斯康辛州,马凯特大学 ,"11,491",私立，男女合校*(3),密尔沃基,www.marquette.edu*(3),488,耶稣会
美国,"17,161",RNP,1957,密西西比州,奥克兰大学（美国） ,"20,711",公立，男女合校,罗切斯特,"3,550",479,无
,,,,,中国药科大学 ,,,,,475,
美国,"23,039",207,1907,北卡罗来纳州,东卡罗来纳大学 ,"28,289",公立，男女合校,格林维尔,"5,250",476,无
"
加拿大
","
综合类大学
","
15
","
1964年
","
安大略省
",布鲁克大学 ,"
15,467
","
公立，男女合校
","
圣凯瑟琳
","
www.brocku.ca
",473,"
无
"
英国,综合性大学,QS世界：3(5)；Times国内：9,1907年*(1),英格兰,伦敦大学学院 ,"28,430（含全日制与非全日制）*(2)",公立，男女合校,伦敦,www.ucl.ac.uk,22,无
,,,,,天津医科大学 ,,,,,472,
"
英国
","
综合性大学
","
84
","
1957年
","
英格兰
",布拉德福德大学 ,"
14,210
","
公立，男女合校
","
布拉德福德
","
www.brad.ac.uk
",470,"
无
"
,,,,,南昌大学 ,,,,,471,
156,"17,450",,公立，男女合校,美国,马萨诸塞大学洛厄尔分校 ,无,洛厄尔,马萨诸塞州,"13,266",474,1894
加拿大,综合类大学,12,1857年,安大略省,温莎大学 ,"13,668",公立，男女合校,温莎,www.uwindsor.ca,468,无
,,,,,华南师范大学 ,,,,,466,
,,,,,健康科学 ,,,,,465,
美国,全国性大学,61*(2),1841*(1),纽约州,福坦莫大学 ,"15,286",私立，男女合校,纽约市,www.fordham.edu,477,天主教
美国,综合性大学,46,1842年,宾夕法尼亚州,维拉诺瓦大学 ,"10,925",私立，男女合校,维拉诺瓦,www.villanova.edu,469,天主教
,,,,,暨南大学 ,,,,,464,
"
英国
","
综合性大学
","
101
","
1890年
","
英格兰
",格林威治大学 ,"
26,445
","
公立，男女合校
","
伦敦
","
www.gre.ac.uk
",461,"
无
"
美国,全国性大学,192*(2),1883*(1),北达科他州,北达科他大学 ,,公立，男女合校,大福克斯,www.und.edu,467,无
美国,1:20,RNP,1891,北卡罗来纳州,北卡罗来纳大学格林波若分校 ,"19,393",公立，男女合校,格林波若,北卡罗来纳大学系统,462,无
,,,,,西南交通大学 ,,,,,463,
"
英国
","
综合性大学
","
88
","
1828年
","
英格兰
",中央兰开夏大学 ,"
31,530
","
公立，男女合校
","
普雷斯顿
","
www.uclan.ac.uk
",458,"
无
"
,,,,,东北师范大学 ,,,,,459,
"
英国
","
综合性大学
","
50
","
1865年
","
英格兰
",牛津布鲁克斯大学 ,"
18,425
","
公立，男女合校
","
牛津
","
www.brookes.ac.uk
",457,"
无
"
,,,,,生物医学 ,,,,,455,
"
加拿大
","
综合类大学
","
4
","
1785年
","
新布伦瑞克省
",新布伦瑞克大学 ,"
10,638
","
公立，男女合校
","
弗雷德里克顿、圣约翰
","
www.unb.ca
",453,"
无
"
美国,综合性大学,RNP,1913,德克萨斯,德克萨斯大学埃尔帕索分校 ,-,公立，男女合校,埃尔帕索,www.utep.edu,454,无
美国,"25,471",RNP,1961,佛罗里达州,佛罗里达大西洋大学 ,"30,377",公立，男女合校,博卡拉顿,"4,906",456,无
美国,全国性大学,69*(3),1893 *(1),哥伦比亚特区,美利坚大学 ,"13,200",私立，男女合校,华盛顿,www.american.edu,460,基督
德国,综合性大学，可授予博士学位,,1970年*(1),,卡塞尔大学 ,"22,877(2014年) *(4)",公立，男女合校,卡塞尔,www.uni-kassel.de,451,无
美国,"12,037",198,1890,北达科他州,北达科他州立大学 ,"14,516",公立，男女合校,法戈,"2,479",450,无
德国,综合性大学，可授予博士学位,,1836年*(1),,开姆尼茨工业大学 ,"11,231(2013年)*(4)",公立，男女合校,开姆尼茨,www.tu-chemnitz.de,452,无
,,,,,西安电子科技大学 ,,,,,448,
"
英国
","
综合性大学
","
89
","
1970年
","
英格兰
",曼彻斯特都会大学 ,"
34,430
","
公立，男女合校
","
曼彻斯特
","
www.mmu.ac.uk
",445,"
无
"
,,,,,北京林业大学 ,,,,,446,
,,,,,北京工业大学 ,,,,,447,
,,,,,河海大学 ,,,,,444,
美国,"13,569",RNP,1963,密苏里州,密苏里大学圣路易斯分校 ,"16,763",公立，男女合校,圣路易斯,"3,194",443,无
,,,,,武汉理工大学 ,,,,,441,
美国,6% *(1),28*(3),公立，男女合校,纽约州,纽约市立大学亨特学院 ,市区*(2),Mine is the care of the future,纽约市,中部各州学院及学校协会（MSACS）,442,1870*(2)
美国,"13,031",216,1869,伊利诺伊州,南伊利诺伊大学卡本代尔分校 ,"17,292",公立，男女合校,卡本代尔,"4,261",440,无
澳大利亚,一星级大学*(2),ERA：10*(1),1994年*(2),新南威尔士州*(2),南十字星大学 ,"14,476*(3)",公立，男女合校*(2),利斯莫尔*(2),www.scu.edu.au*(2),449,无*(2)
,,,,,哈尔滨工程大学 ,,,,,438,
英国,综合性大学,62,1894年,英格兰,诺森比亚大学 ,"29,300",公立，男女合校,纽卡斯尔,www.northumbria.ac.uk,436,无
美国,"16,639",RNP,1912,田纳西州,孟菲斯大学 ,"20,585",公立，男女合校,孟菲斯,"3,946",435,无
德国,14%(2013年)*(4),,1511年*(1),,奥格斯堡大学 ,"18,000(2013年)*(4)",公立，男女合校,奥格斯堡,综合性大学，可授予博士学位,437,无
,,,,,北京邮电大学 ,,,,,434,
,,,,,郑州大学 ,,,,,433,
美国,"16,064",RNP,1872,俄亥俄州,托莱多大学 ,"20,377",公立，男女合校,托莱多,4.313,430,无
加拿大,综合类大学,10,1911年,萨斯喀彻温省,里贾纳大学 ,"12,270",公立，男女合校,里贾纳,www.uregina.ca,429,无
加拿大,综合类大学,8,1948年,安大略省,瑞尔森大学 ,"35,900",公立，男女合校,多伦多,www.ryerson.ca,428,无
美国,综合性大学,RNP,1946,俄勒冈州,波特兰州立大学 ,"27,488",公立，男女合校,波特兰,www.pdx.edu,427,无
,,,,,南京师范大学 ,,,,,426,
美国,6%*(1),-,公立，男女合校,加利福尼亚州,旧金山州立大学 ,0.57Km2 市区*(2),经验出真知,旧金山,西部院校协会（WASC）,432,1899 *(2)
澳大利亚,二星级大学,ERA：25*(2),1989年*(1),新南威尔士州,查理斯特大学 ,"21,341*(1)",公立，男女合校,悉尼,www.csu.edu.au,439,无
美国,全国性大学,140*(4),1881年*(1),新泽西州,新泽西理工学院 ,"12,125",公立，男女合校,纽华克,www.njit.edu,424,无
,,,,,华北电力大学 ,,,,,431,
,,,,,兽医 ,,,,,423,
美国,全国性大学,78*(4),1809*(2),俄亥俄州,迈阿密大学（俄亥俄） ,"18,907",公立，男女合校,牛津,www.miamioh.edu,421,无
,,,,,中国石油大学 ,,,,,420,
美国,3%*(8),中西部第1*(6),私立，男女合校,内布拉斯加州,克雷顿大学 ,0.5342km² 市区,躬先表率,奥马哈,中北部学院及学校协会（NCACS）*(7),422,1878年
"
英国
","
综合性大学
","
76
","
1858年
","
英格兰
",布莱顿大学 ,"
22,075
","
公立，男女合校
","
布莱顿
","
www.brighton.ac.uk
",417,"
无
"
,,,,,西北农林科技大学 ,,,,,418,
"
英国
","
综合性大学
","
73
","
1968年
","
北爱尔兰
",阿尔斯特大学 ,"
26,560
","
公立，男女合校
","
贝尔法斯特
","
www.ulster.ac.uk
",415,"
无
"
,,,,,南京理工大学 ,,,,,416,
,,,,,合肥工业大学 ,,,,,414,
澳大利亚*(2),三星级大学*(2),ERA：29*(1),1967*(2),首都特区*(2),堪培拉大学 ,"16,429*(4)",公立，男女合校*(2),堪培拉*(2),www.canberra.edu.au,425,无
美国*(2),综合性大学,97*(1),1829年*(2),纽约州*(2),罗切斯特理工学院 ,"16,640*(3)",私立，男女合校*(2),罗切斯特*(2),www.rit.edu,419,无*(2)
美国,全国性大学,165*(2),1885年*(1),密苏里州,密苏里科技大学 ,"8,889",公立，男女合校,罗拉,www.mst.edu*(6),411,无
,,,,,外科 ,,,,,409,
美国,"15,870",RNP,1898,路易斯安那州,路易斯安那大学拉法叶分校 ,"17,508",公立，男女合校,拉法叶,"1,638",412,无
,,,,,江南大学 ,,,,,410,
美国,"22,732",198,1946,北卡罗来纳州,北卡罗来纳大学夏洛特分校 ,"27,983",公立，男女合校,夏洛特,"5,251",413,无
,,,,,西北工业大学 ,,,,,406,
,,,,,伦敦 ,,,,,407,
,,,,,西北大学（中国） ,,,,,405,
,,,,,南京航空航天大学 ,,,,,402,
美国,综合性大学,RNP,1957,内华达州,内华达大学拉斯维加斯分校 ,"28,605",公立，男女合校,拉斯维加斯,www.unlv.edu,403,无
,,,,,华中农业大学 ,,,,,400,
,,,,,立命馆大学 ,,,,,401,
美国,"6,883",110,1867,哥伦比亚特区,霍华德大学 ,"10,002",私立，男女合校,华盛顿,"3,119",404,无
澳大利亚,一星级大学,ERA：22*(2),2004年*(1),北领地,查尔斯达尔文大学 ,"22,719（含TAFE学生）*(3)",公立，男女合校,达尔文、帕默斯顿、爱丽丝斯普林斯、凯瑟琳、纽兰拜,www.cdu.edu.au,408,无
,,,,,东北大学（中国） ,,,,,397,
,,,,,福州大学 ,,,,,399,
,,,,,西南大学（中国） ,,,,,394,
美国,北部地方性大学,北部第56*(2),1847年*(1),纽约州,纽约市立学院 ,"15,464",公立，男女合校,纽约市,www.ccny.cuny.edu,396,无
美国,"17,421",171,1878,密西西比州,密西西比州立大学 ,"20,873",公立，男女合校,斯塔克维尔,"3,452",398,无
,,,,,克兰菲尔德大学 ,,,,,392,
,,,,,中国海洋大学 ,,,,,393,
美国,全国性大学,156*(3),1892年*(1),罗德岛州,罗德岛大学 ,"16,613",公立，男女合校,金斯敦,www.uri.edu*(5),391,无
美国,全国性大学,124*(3),1885,密歇根州,密歇根理工大学 ,"7,242",公立，男女合校,霍顿,www.mtu.edu*(4),389,无
,,,,,经济学 ,,,,,390,
德国,综合性大学，可授予博士学位,,1973年*(1),,奥登堡大学 ,"12,707(2014年)*(5)",公立，男女合校,奥登堡,www.uni-oldenburg.de,386,无
美国,全国性大学,202*(4),1874年*(1),内华达州,内华达大学雷诺分校 ,"20,880",公立，男女合校,雷诺,www.unr.edu,388,无
英国,综合性大学,29,1895年,英格兰,阿斯顿大学 ,"12,205",公立，男女合校,伯明翰,www.aston.ac.uk,384,无
美国,全国性大学,87*(3),1946*(1),纽约州,纽约州立大学宾汉姆顿分校 ,"16,913",公立，男女合校,宾汉姆顿,www.binghamton.edu,395,无
,,,,,北京化工大学 ,,,,,385,
美国,全国性大学,171*(5),1889年*(1),爱达荷州,爱达荷大学 ,"11,372*(3)",公立，男女合校,莫斯科,www.uidaho.edu,387,无
"
新西兰
","
综合性大学
",,"
1964年
",,怀卡托大学 ,"
12,000
","
公立，男女合校
","
汉密尔顿、陶朗加
","
www.waikato.ac.nz
",380,"
无
"
"
英国
","
综合性大学
","
44
","
1949年
","
英格兰
",基尔大学 ,"
10,655
","
公立，男女合校
","
基尔
","
www.keele.ac.uk
",382,"
无
"
美国,"19,037",RNP,1870,俄亥俄州,阿克伦大学 ,"23,046",公立，男女合校,阿克伦,"4,009",381,无
美国,综合性大学,165*(2),2005*(1),加利福尼亚州,加州大学默塞德分校 ,"6,685*(2)",公立，男女合校,默塞德,www.ucmerced.edu,383,无
美国,"20,830",151,1804,俄亥俄州,俄亥俄大学 ,"26,492",公立，男女合校,阿森斯,"5,662",379,无
"
英国
","
综合性大学
","
51
","
1967年
","
苏格兰
",斯特林大学 ,"
11,120
","
公立，男女合校
","
斯特林
","
www.stir.ac.uk
",375,"
无
"
"
英国
","
综合性大学
","
63
","
1927年
","
英格兰
",赫尔大学 ,"
23,315
","
公立，男女合校
","
金斯顿
","
www.hull.ac.uk
",374,"
无
"
德国,综合性大学，可授予博士学位,,1946年*(1),,马格德堡大学 ,"14,000*(4)",公立，男女合校,马格德堡,www.ovgu.de,376,无
美国,"12,526",198,1888,新墨西哥州,新墨西哥州立大学 ,"15,490",公立，男女合校,拉斯克鲁塞斯,"2,964",372,无
,,,,,南京农业大学 ,,,,,371,
澳大利亚,一星级大学,ERA：29*(3),1991年*(1),西澳大利亚州,埃迪斯科文大学 ,"约23,000*(4)",公立，男女合校,珀斯,www.ecu.edu.au,378,无
美国,9%*(5),87*(2),私立，男女合校,科罗拉多州,丹佛大学 ,0.51Km2，市区*(3),知识与灵魂,丹佛,中北部学院及学校协会（NCACS）*(4),373,1864
,,,,,北京科技大学 ,,,,,368,
美国,综合性大学,207,1893,蒙大拿州,蒙大拿州立大学 ,"15,653",公立，男女合校,波兹曼,www.montana.edu,370,无
,,,,,东华大学 ,,,,,367,
美国,全国性大学,103*(2),1856年*(1),阿拉巴马州,奥本大学 ,"27,287",公立，男女合校,奥本,www.auburn.edu,366,无
美国,1:19*(3),USNEWS：133*(2),1871,阿肯色州,阿肯色大学 ,,公立，男女合校*(3),费耶特维尔,中北部学院及学校协会（NCACS）*(3),369,无
澳大利亚,二星级大学,ERA：78*(1),1938年*(2),新南威尔士州*(2),新英格兰大学 ,"22,389*(3)",公立，男女合校*(2),阿米代尔*(2),www.une.edu.au *(3),377,无
美国,,,,密苏里州,圣路易斯（密苏里州） ,,,,,364,
,,,,,重庆大学 ,,,,,362,
,,,,,管理学 ,,,,,360,
美国,"25,120",RNP,1899,亚利桑那州,北亚利桑那大学 ,"29,031",公立，男女合校,旗杆市,"3,911",361,无
德国,综合性大学，可授予博士学位,,1745年*(1),,布伦瑞克工业大学 ,"17,192(2014年)*(4)",公立，男女合校,布伦瑞克,www.tu-braunschweig.de,358,无
美国,1:14*(5),USNEWS：103*(4),1870,伊利诺伊州,芝加哥洛约拉大学 ,,私立，男女合校*(5),芝加哥,中北部学院及学校协会（NCACS）*(5),363,耶稣会
英国,综合性大学,43,1852年,苏格兰,伦敦城市大学 ,"19,340",公立，男女合校,伦敦,www.city.ac.uk,359,无
德国,综合性大学，可授予博士学位,,1964年*(1),,吕贝克大学 ,"3,473(2014年)*(1)",公立，男女合校,吕贝克,www.uni-luebeck.de,357,无
,,,,,北京交通大学 ,,,,,354,
加拿大,综合类大学,Unranked,1974年,魁北克省,康考迪亚大学 ,"43,162",公立，男女合校,蒙特利尔,www.concordia.ca,355,无
美国,综合性大学,RNP,1895,伊利诺伊州,北伊利诺伊大学 ,"20,130",公立，男女合校,迪卡尔布,www.niu.edu,356,无
"
美国
",,,,"
佐治亚
",奥古斯塔（佐治亚州） ,,,,,353,
美国,本科：10%*(4),USNEWS：46*(3),1865,宾夕法尼亚州,里海大学 ,"7,033",私立，男女合校*(4),伯利恒,中部各州学院及学校协会（MSACS）*(4),365,
美国,6%*(5),187*(3),公立，男女合校,西弗吉尼亚州,西弗吉尼亚大学 ,3.7Km2，市区*(1),信仰需有美德，美德需有知识,摩根敦,中北部学院及学校协会（NCACS）,351,1867年*(1)
美国,全国性大学,103*(3),1890年*(1),伊利诺伊州,伊利诺伊理工学院 ,"7,792",私立，男女合校,芝加哥,www.iit.edu*(7),350,无
德国,综合性大学，可授予博士学位,,1456年*(1),,格赖夫斯瓦尔德大学 ,"11,449(2013年)*(4)",公立，男女合校,格赖夫斯瓦尔德,www.uni-greifswald.de,348,无
德国,综合性大学，可授予博士学位,,1818年*(1),,霍恩海姆大学 ,"9,628(2013年)*(4)",公立，男女合校,霍恩海姆,www.uni-hildesheim.de,346,无
澳大利亚,一星级大学,ERA：29*(4),1916年*(2),维多利亚州,维多利亚大学（澳洲） ,"48,922(其中高等教育26,743人，职业教育22,179人)*(4)(5)",公立，男女合校,墨尔本,www.vu.edu.au,352,无
美国,综合性大学,RNP,1890,德克萨斯州,北德克萨斯大学 ,"37,175",公立，男女合校,登顿,www.unt.edu,347,无
"
加拿大
","
综合类大学
","
6
","
1925年
","
纽芬兰与拉布拉多省
",纽芬兰纪念大学 ,"
18,913
","
公立，男女合校
","
圣约翰
","
www.mun.ca
",345,"
无
"
美国,全国性大学,RNP*(3),1930年*(1),弗吉尼亚州,欧道明大学 ,"24,672*(4)",公立，男女合校,诺福克,www.odu.edu,349,无
美国,全国性大学,159*(2),1966年*(1),马里兰州,马里兰大学巴尔的摩郡分校 ,"13,839",公立，男女合校,巴尔的摩,www.umbc.edu,344,无
英国,综合性大学,82,1872年,威尔士,阿伯斯威大学 ,"11,705",公立，男女合校,阿伯斯威,www.aber.ac.uk,340,无
美国,"25,259",216,1888,犹他州,犹他州立大学 ,"28,622",公立，男女合校,洛根,"3,363",341,无
美国,全国性大学,207*(2),1893年*(1),蒙大拿州,蒙大拿大学 ,"13,044",公立，男女合校,米苏拉,www.umt.edu,343,无
,,,,,中国人民大学 ,,,,,338,
美国,"11,253",216,1929,密苏里州,密苏里大学堪萨斯城分校 ,"16,699",公立，男女合校,堪萨斯城,"5,446",339,无
英国,综合性大学,56,1884年,威尔士,班戈大学 ,"11,255",公立，男女合校,班戈,www.bangor.ac.uk,337,无
"
加拿大
","
医博类大学
","
15
","
1954年
","
魁北克省
",舍布鲁克大学 ,"
35,000
","
公立，男女合校
","
舍布鲁克、隆格伊
","
www.usherbrooke.ca
",336,"
无
"
"
英国
","
综合性大学
","
96
","
1953年
","
英格兰
",赫特福德大学 ,"
27,230
","
公立，男女合校
","
哈特菲尔德
","
www.herts.ac.uk
",335,"
无
"
新西兰,综合性大学,,1895年,,奥克兰理工大学 ,"27,140",公立，男女合校,奥克兰,www.aut.ac.nz,333,无
美国,全国性大学,181*(2),1886年*(1),怀俄明州,怀俄明大学 ,"12,648*(2)",公立，男女合校,拉勒米,www.uwyo.edu,332,无
美国,全国性大学,67*(2),1889*(1),南卡罗来纳州,克莱蒙森大学 ,"21,957*(3)(4)",公立，男女合校,克莱蒙森,www.clemson.edu,342,无
美国,全国性大学,USNEWS：61*(3),1865,犹他州,杨百翰大学 ,"33,469",私立，男女合校*(4),普罗沃（Provo，UT）,home.byu.edu*(4),331,摩门
德国,综合性大学，可授予博士学位,,1502年*(1),,哈勒-维滕贝格大学 ,"21,000(2013年)*(4)",公立，男女合校,哈勒,www.uni-halle.de,328,无
"
英国
","
综合性大学
","
33
","
1965年
","
英格兰
",肯特大学 ,"
20,310
","
公立，男女合校
","
坎特伯雷
","
www.kent.ac.uk
",327,"
无
"
,,,,,电子科技大学 ,,,,,329,
美国,全国性大学,207*(5),1917年*(1),阿拉斯加州,阿拉斯加大学费尔班克斯分校 ,"8,719*(3)",公立，男女合校,费尔班克斯,www.uaf.edu,325,无
"
英国
","
综合性大学
","
55
","
1869年
","
英格兰
",朴茨茅斯大学 ,"
23,705
","
公立，男女合校
","
朴茨茅斯
","
www.port.ac.uk
",324,"
无
"
,,,,,湖南大学 ,,,,,323,
澳大利亚,三星级大学,ERA：23*(3),1975年*(1),西澳大利亚州,默多克大学 ,"22,000（其中海外学习的学生为8,000名）*(5)",公立，男女合校*(1),珀斯（Perth）*(1) ,www.murdoch.edu.au,334,无
美国,"15,769",165,1798,肯塔基州,路易维尔大学 ,"21,295",公立，男女合校,路易维尔,"5,526",322,无
德国,综合性大学，可授予博士学位,,1907年*(1),,曼海姆大学 ,"12,151*(4)",公立，男女合校,曼海姆,www.uni-mannheim.de,320,无
美国,"23,607",176,1910,俄亥俄州,肯特州立大学 ,"29,762",公立，男女合校,肯特,"6,155",321,无
"
英国
","
综合性大学
","
83
","
1823年
","
英格兰
",利物浦约翰摩尔斯大学 ,"
24,455
","
公立，男女合校
","
利物浦
","
www.ljmu.ac.uk
",318,"
无
"
,,,,,化学 ,,,,,319,
美国,全国性大学,32*(2),1693,弗吉尼亚州,威廉玛丽学院 ,"8,484*(2)",公立，男女合校,威廉斯堡,www.wm.edu,326,无
德国,综合性大学，可授予博士学位,,1962年*(1),,罗斯托克大学 ,"14,417(2014年)*(4)",公立，男女合校,罗斯托克,www.uni-rostock.de,316,无
德国,综合性大学，可授予博士学位,,1831年*(1),,汉诺威大学 ,"23,877(2014年)*(4)",公立，男女合校,汉诺威,www.uni-hannover.de,315,无
德国,综合性大学，可授予博士学位,,1975年*(1),,拜罗伊特大学 ,"13,470(2013年)*(1)",公立，男女合校,拜罗伊特,www.uni-bayreuth.de,314,无
,,,,,上海大学 ,,,,,312,
美国,全国性大学,94*(3),1818年*(1),密苏里州,圣路易斯大学 ,"12,914",公立，男女合校,圣路易斯市,www.slu.edu*(4),317,天主
加拿大,医博类大学,14,1907年,萨斯喀彻温省,萨斯喀彻温大学 ,"19,468",公立，男女合校,萨斯卡通,www.usask.ca,310,无
"
英国
","
综合性大学
","
21
","
1909年
","
英格兰
",拉夫堡大学 ,"
16,025
","
公立，男女合校
","
拉夫堡
","
www.lboro.ac.uk
",311,"
无
"
,,,,,华东理工大学 ,,,,,313,
"
英国
","
综合性大学
","
38
","
1821年
","
苏格兰
",赫瑞瓦特大学 ,"
10,870
","
公立，男女合校
","
爱丁堡
","
www.hw.ac.uk
",309,"
无
"
,,,,,兰州大学 ,,,,,308,
美国,"12,949",202,1964,马萨诸塞州,马萨诸塞大学波士顿分校 ,"17,030",公立，男女合校,波士顿,"4,081",307,无
德国,综合性大学，可授予博士学位,,1969年*(1),,比勒费尔德大学 ,"19,666(2013年)*(4)",公立，男女合校,比勒费尔德,www.uni-bielefeld.de,306,无
,,,,,四川大学 ,,,,,303,
,,,,,华中师范大学 ,,,,,302,
,,,,,华东师范大学 ,,,,,301,
美国,1:19*(3),USNEWS：103*(2),1866,新罕布什尔州,新罕布什尔大学 ,,公立，男女合校*(3),达勒姆,新英格兰学校及学院协会(NEASC)*(3),304,无
美国,"54,513",171,1963,佛罗里达州,中佛罗里达大学 ,"63,002",公立，男女合校,奥兰多,"8,489",300,无
美国,全国性大学,140*(2),1897年*(1),加利福尼亚州,圣地亚哥州立大学 ,"34,254",公立，男女合校,圣地亚哥,www.sdsu.edu,305,无
加拿大,综合类大学,6,1942年,安大略省,卡尔顿大学 ,"26,769",公立，男女合校,渥太华,www.carleton.ca,298,无
英国,综合性大学,47,1920年,威尔士,斯旺西大学 ,"14,770",公立，男女合校,斯旺西,www.swan.ac.uk,296,无
,,,,,北京理工大学 ,,,,,295,
英国,综合性大学,42,1796年,苏格兰,斯凯莱德大学 ,"19,755",公立，男女合校,格拉斯哥,www.strath.ac.uk,294,无
美国,"22,284",RNP,1956,威斯康辛州,威斯康辛大学密尔沃基分校 ,-,公立，男女合校,密尔沃基,-,297,无
美国,1:20*(3),156,1890*(1),俄克拉荷马州,俄克拉荷马州立大学 ,"25,806*(3)",公立，男女合校*(3),静水市（音译：斯蒂尔沃特）*(1),俄克拉荷马州立大学系统公立与赠地大学协会（APLU）*(3),299,无
德国,综合性大学，可授予博士学位,,1966年*(1),,康斯坦茨大学 ,"11,337(2012年)*(1)",公立，男女合校,康斯坦次,www.uni-konstanz.de,292,无
英国*(2),1994集团*(5),QS世界：42(370)；Times国内：39*(1),1963年*(2),苏格兰*(2),埃塞克斯大学 ,"13,980（全日制与非全日制）*(3)",公立，男女合校,科尔切斯特*(2),www.essex.ac.uk,330,无
,,,,,苏州大学 ,,,,,290,
,,,,,中国农业大学 ,,,,,289,
美国,中西部地方性大学,USNEWS: 34*(3),1830 *(2),俄亥俄州,首府大学 ,"3,465",私立，男女合校,哥伦布,www.capital.edu,291,
美国,无,176*(2),千里之行，始于足下,德克萨斯州,德州理工大学 ,1923*(1),"From here, it's possible.",卢布克,7.44Km2，市区*(1),293,公立，男女合校
新西兰,综合性大学,,1927年,,梅西大学 ,"33,904",公立，男女合校,北帕默斯顿、奥克兰、惠灵顿,www.massey.ac.nz,287,无
"
美国
",,,,"
亚利桑那州
",坦佩（亚利桑那州） ,,,,,286,
德国,11%(2013年)*(4),,1584年*(1),,不来梅大学 ,"20,000(2013年)*(4)",公立，男女合校,不来梅,精英大学,288,无
,,,,,天津大学 ,,,,,284,
美国,全国性大学,USNEWS：223*(2),1913,佐治亚州,佐治亚州立大学 ,"32,080",公立，男女合校*(4),亚特兰大,www.gsu.edu,282,
,,,,,伦敦商学院 ,,,,,280,
美国,综合性大学,RNP,1895,德克萨斯州,德克萨斯大学阿灵顿分校 ,-,公立，男女合校,阿灵顿,www.uta.edu,281,无
新西兰,综合性大学,,1897年,,惠灵顿维多利亚大学 ,"22,234",公立，男女合校,惠灵顿,www.victoria.ac.nz,278,无
澳大利亚,三星或四星级大学,ERA：20*(4),1967年*(2),维多利亚州,拉筹伯大学 ,"35,073(含非全日制及无学位项目学生)*(5)",公立，男女合校,墨尔本,www.latrobe.edu.au,285,无
,,,,,吉林大学 ,,,,,277,
,,,,,北京航空航天大学 ,,,,,275,
美国,全国性大学,USNEWS：40*(3),1834,路易斯安那州,杜兰大学 ,"13,449*(6)",私立，男女合校*(4),新奥尔良市,tulane.edu,279,
美国,综合性大学,RNP,1969,德克萨斯,德克萨斯大学安东尼奥分校 ,"28,787",公立，男女合校,安东尼奥,www.utsa.edu,273,无
美国,全国性大学,75*(2),1873-1874年*(1),科罗拉多州,科罗拉多矿业学院 ,"5,518（不含Part-time）；5,924（含Part-time）",公立，男女合校,戈尔登,www.mines.edu,276,无
,,,,,中南大学 ,,,,,271,
"
美国
",,,,"
马萨诸塞州
",伍斯特（马萨诸塞州） ,,,,,272,
德国,综合性大学，可授予博士学位,,1829年*(1),,斯图加特大学 ,"22,600(2011年)*(4)",公立，男女合校,斯图加特,www.uni-stuttgart.de,269,无
美国,1:17*(4),USNEWS：97*(2),1791,佛蒙特州,佛蒙特大学 ,,公立，男女合校*(3),伯灵顿,公立常春藤,274,无
美国,8%*(10),61*(9),私立，男女合校,德克萨斯州,南卫理公会大学 ,主校区达拉斯：0.93Km2，市区新墨西哥州陶斯镇：1.19 Km2，市区德克萨斯州布兰诺市：0.074 Km2，市区*(1),真理必叫你们得以自由,达拉斯,南部学院及学校协会（SACS）,283,1911*(1)
美国,,,,爱达荷州,莫斯科（爱达荷州） ,,,,,267,
德国,综合性大学，可授予博士学位,,1991年*(1),,波茨坦大学 ,"19,972(2014年)*(4)",公立，男女合校,波茨坦,www.uni-potsdam.de,265,无
德国,综合性大学，可授予博士学位,,1948年*(1),,萨尔大学 ,"18,492(2013年)*(6)",公立，男女合校,萨尔布吕肯,www.uni-saarland.de,270,无
,,,,,大连理工大学 ,,,,,263,
美国,全国性大学,110*(2),1831*(1),阿拉巴马州,阿拉巴马大学 ,"37,100",公立，男女合校,塔斯卡卢萨,www.ua.edu,268,无
美国,全国性大学,42*(3),1824*(1),纽约州,伦斯勒理工学院 ,"7,113",私立，男女合校,特洛伊,www.rpi.edu,266,无
"
英国
","
综合性大学
","
73
","
1862年
","
英格兰
",普利茅斯大学 ,"
31,105
","
公立，男女合校
","
普利茅斯
","
www.plymouth.ac.uk
",262,"
无
"
"
加拿大
","
综合类大学
","
5
","
1964年
","
安大略省
",贵湖大学 ,"
21,915
","
公立，男女合校
","
贵湖
","
www.uoguelph.ca
",260,"
无
"
美国,全国性大学,140*(3),1972,弗吉尼亚州,乔治梅森大学 ,"33,925",公立，男女合校,费尔法克斯,https://www2.gmu.edu*(4),264,无
德国,17.3%(2014年)*(4),,1877年*(1),,达姆施塔特工业大学 ,"25,100(2014年)*(4)",公立，男女合校,达姆施塔特,综合性大学，可授予博士学位,257,无
美国,1:12.5*(4),32*(3),1863,马萨诸塞州,波士顿学院 ,,私立，男女合校,栗树山 *(2),新常春藤 耶稣会常春藤 隐藏常春藤*(4),256,天主教 *(1)
澳大利亚,四星级大学,ERA：28*(2),1866年*(1),南澳大利亚州,佛林德斯大学 ,"24,537*(6)",公立，男女合校,阿德雷德（Adelaide）,www.flinders.edu.au,258,无
德国,综合性大学，可授予博士学位,,1962年*(1),,雷根斯堡大学 ,"17,320*(1)",公立，男女合校,雷根斯堡,www.uni-regensburg.de,255,无
英国,综合性大学,46,1966年,英格兰,布鲁内尔大学 ,"15,885",公立，男女合校,阿克斯布里奇,www.brunel.ac.uk,253,无
澳大利亚,三星级大学,ERA：15*(2),1908年*(1),维多利亚州,斯威本科技大学 ,"20,864（EFTSL，未计TAFE）*(3)",公立，男女合校,墨尔本,www.swinburne.edu.au,259,无
"
英国
","
综合性大学
","
12
","
1891年
","
英格兰
",萨里大学 ,"
15,055
","
公立，男女合校
","
吉尔福德
","
www.surrey.ac.uk
",251,"
无
"
德国,综合性大学，可授予博士学位,,1527年*(1),,马尔堡大学 ,"25,700*(4)",公立，男女合校,马尔堡,www.uni-mannheim.de,254,无
美国,全国性大学,90*(3),1949,加州,圣地亚哥大学 ,"8,251",私立，男女合校,圣地亚哥,www.sandiego.edu,252,罗马天主
德国,综合性大学，可授予博士学位,,1968年*(1),,多特蒙德工业大学 ,"27,010(2012年)*(4)",公立，男女合校,多特蒙德,www.uni-dortmund.de,248,无
美国,"8,854",216,1965,佛罗里达州,佛罗里达国际大学 ,"49,892",公立，男女合校,迈阿密,1:25,249,无
"
英国
",,,,,巴斯（英格兰） ,,,,,246,
美国,全国性大学,32*(4),1848年*(1),密西西比州,密西西比大学 ,"23,212",公立，男女合校,牛津,www.olemiss.edu,247,无
澳大利亚,四星级大学,ERA：16*(3),1887年*(2),维多利亚州,皇家墨尔本理工大学 ,"74,000*(2)",公立，男女合校,墨尔本（Melbourne）,www.rmit.edu.au,261,无
加拿大,医博类大学,16,1877年,曼尼托巴省,曼尼托巴大学 ,"28,335",公立，男女合校,温尼伯格,umanitoba.ca,245,无
,,,,,华南理工大学 ,,,,,243,
,,,,,山东大学 ,,,,,242,
美国,北部地方性大学,34*(3),1865 *(2),新泽西州,莱德大学 ,"5,075",私立，男女合校,劳伦斯维尔,www.rider.edu,241,无
,,,,,中国地质大学 ,,,,,240,
加拿大,综合类大学,8,1959年,安大略省,约克大学（加拿大） ,"52,030",公立，男女合校,多伦多,www.yorku.ca,239,无
美国,全国性大学,94*(2),1891*(1),宾夕法尼亚州,德雷塞尔大学 ,"26,359*(3)",私立，男女合校,费城,www.drexel.edu,250,无
美国,全国性大学,115*(2),1884年*(1),宾夕法尼亚州,天普大学 ,"38,027",公立，男女合校,费城,www.temple.edu,237,无
,,,,,东南大学 ,,,,,235,
,,,,,西安交通大学 ,,,,,234,
美国,1:21*(3),USNEWS：192*(2),1927,德克萨斯州,休斯敦大学 ,,公立，男女合校*(3),休斯敦,南部学院及学校协会（SACS）*(3),236,无
美国,1:19*(5),USNEWS：145*(3),1863,堪萨斯州,堪萨斯州立大学 ,,公立，男女合校*(4),曼哈顿,中北部学院及学校协会（NCACS）*(4),232,无
美国,1:16*(4),USNEWS：61*(3),1870,纽约州,雪城大学 ,,私立，男女合校*(4),锡拉丘兹,12% *(4),238,
加拿大,医博类大学,4,1841年,安大略,皇后大学 ,"18,531",公立，男女合校,金斯顿,www.queensu.ca,231,无
美国,全国性大学,159*(4),1907年*(1),夏威夷州,夏威夷大学马诺阿分校 ,"18,865",公立，男女合校,檀香山,www.manoa.hawaii.edu,230,无
美国,全国性大学,171*(6),1838年*(1),弗吉尼亚州,弗吉尼亚联邦大学 ,"31,242*(2)",公立，男女合校,里士满,www.vcu.edu,229,无
德国,综合性大学，可授予博士学位,,1607年*(1),,吉森大学 ,"26,500(2014年)*(4)",公立，男女合校,吉森,www.uni-giessen.de,228,无
英国*(1),综合性大学,QS:179 (Times:7),1966年*(1),英格兰,巴斯大学 ,"15,155（含全日制与非全日制）*(2)",公立，男女合校,巴斯,,233,无
澳大利亚,三星或四星级大学,ERA：14*(2),1874年*(3),南澳大利亚州,南澳大学 ,"33,549（含非全日制学生及海外学生）*(4)",公立，男女合校,阿德雷德,www.unisa.edu.au,244,无
德国,医科大学，可授予博士学位,,1965年*(1),,汉诺威医学院 ,"2,688(2014年)*(1)",公立，男女合校,汉诺威,www.mh-hannover.de,225,无
,,,,,筑波大学 ,,,,,226,
,,,,,早稻田大学 ,,,,,224,
德国,综合性大学，可授予博士学位,,1409年*(1),,莱比锡大学 ,"28,125 *(1)",公立，男女合校,莱比锡,www.uni-leipzig.de,222,无
,,,,,厦门大学 ,,,,,220,
德国,综合性大学，可授予博士学位,,1962年*(1),,波鸿大学 ,"41,456(2013年)*(4)",公立，男女合校,波鸿,www.ruhr-uni-bochum.de,221,无
美国,全国性大学,133*(4),1860年*(1),路易斯安那州,路易斯安那州立大学 ,"31,524",公立，男女合校,巴吞鲁日,www.lsu.edu,218,无
美国,综合性大学,207*(1),1912,科罗拉多州,科罗拉多大学丹佛分校 ,"22,791",公立，男女合校,丹佛,www.ucdenver.edu*(4),219,无
德国,综合性大学，可授予博士学位,,1558年*(1),,耶拿大学 ,"21,195*(1)",公立，男女合校,耶拿,www.uni-jena.de,217,无
美国,"5,216",USNEWS：140*(3),公立，男女合校*(4),华盛顿州,华盛顿州立大学 ,,面对面的世界一流教学。,普尔曼,5%*(5),223,1890
美国,全国性大学,151*(2),1844*(1),纽约州,纽约州立大学阿尔巴尼分校 ,"17,178",公立，男女合校,阿尔巴尼,www.albany.edu,214,无
美国,1:21*(7),USNEWS：120*(6),1839,密苏里州,密苏里大学 ,,公立，男女合校*(3),哥伦比亚,中北部学院及学校协会（NCACS）*(7),216,无
,,,,,南开大学 ,,,,,212,
美国,3%*(4),USNEWS：75*(2),1845,德克萨斯州,贝勒大学 ,"16,787*(3)",私立，男女合校*(3),韦科,南部学院及学校协会（SACS）*(3),215,浸信会
德国,综合性大学，可授予博士学位,,1965年*(1),,杜塞尔多夫大学 ,"20,515(2012年)*(1)",公立，男女合校,杜塞尔多夫,www.uni-duesseldorf.de,210,无
美国,全国性大学,97*(3),1890,俄克拉荷马州,俄克拉荷马大学 ,"30,747",公立，男女合校,诺曼,www.ou.edu,211,无
加拿大,医博类大学,7,1818年,新斯科舍,戴尔豪斯大学 ,"18,354",公立，男女合校,哈利法克斯市、特鲁罗镇,www.dal.ca,209,无
澳大利亚,二星级大学,ERA：19*(1),1989年*(2),新南威尔士州*(2),西悉尼大学 ,"42,000*(3)",公立，男女合校*(2),悉尼*(2),,227,无
,,,,,同济大学 ,,,,,208,
,,,,,武汉大学 ,,,,,205,
新西兰,综合性大学,,1873年,,坎特伯雷大学（新西兰） ,"15,608",公立，男女合校,基督城,www.canterbury.ac.nz,204,无
美国,全国性大学,USNEWS：27*(3),1834,北卡罗来纳州,维克森林大学 ,"7,837",私立，男女合校*(4),温斯顿-塞纳姆,www.wfu.edu,213,
,,,,,九州大学 ,,,,,202,
,,,,,北京师范大学 ,,,,,206,
美国,全国性大学,223*(2),1868年*(1),密歇根州,韦恩州立大学 ,"27,222",公立，男女合校,底特律,www.wayne.edu,200,无
美国,1%*(4),103*(3),公立，男女合校,南卡罗来纳州,南卡罗来纳大学 ,1.45Km2，市区*(1),学习塑造人性而非兽性,哥伦比亚,南部学院及学校协会（SACS）,199,1801年*(1)
美国,全国性大学,133*(2),1865年*(1),肯塔基州,肯塔基大学 ,-,公立，男女合校,列克星敦,www.uky.edu,207,无
美国,"21,985",192,1969,印第安纳州,印第安纳普渡大学 ,"30,105",公立，男女合校,印第安纳波利斯,"8,120",197,无
澳大利亚,四星级大学,ERA：11*(1),1890年*(2),塔斯马尼亚,塔斯马尼亚大学 ,"26,783*(2)",公立，男女合校*(2),霍巴特*(2),联邦大学协会（ACU）*(2),203,无
,,,,,哈尔滨工业大学 ,,,,,196,
美国,全国性大学,56*(2),1881*(1),康涅狄格州,康涅狄格大学 ,"26,541",公立，男女合校,斯托尔斯,www.uconn.edu,201,无
美国,4%*(3),81*(2),公私立兼有，男女合校,特拉华州,特拉华大学 ,9.35Km2，郊区*(1),知识是心灵之光,纽华克,中部各州学院及学校协会（MSA）,198,1743*(1)
加拿大,医博类大学,10,1663年,魁北克省,拉瓦尔大学 ,"37,591",公立，男女合校,魁北克城,www.ulaval.ca,192,无
"
英国
","
综合性大学
","
28
","
1849年
","
英格兰
",伦敦大学皇家霍洛威学院 ,"
9,865
","
公立，男女合校
","
伦敦
","
www.rhul.ac.uk
",193,"
无
"
德国,综合性大学，可授予博士学位,,1770年*(1),,柏林工业大学 ,"30,684(2013年)*(4)",公立，男女合校,柏林,www.tu-berlin.de,194,无
"
英国
","
综合性大学
","
29
","
1849年
","
北爱尔兰
",贝尔法斯特女王大学 ,"
22,985
","
公立，男女合校
","
贝尔法斯特
","
www.qub.ac.uk
",189,"
无
"
德国,综合性大学，可授予博士学位,,1654年*(1),,杜伊斯堡-埃森大学 ,"38,986(2013年)*(5)",公立，男女合校,杜伊斯堡、埃森,www.uni-duisburg-essen.de,188,无
美国,全国性大学,140*(2),1956年*(1),佛罗里达州,南佛罗里达大学 ,"42,132",公立，男女合校,坦帕,www.usf.edu,187,无
英国,综合性大学,QS世界：30(202)；Times国内：35*(1),1892年*(2),英格兰,雷丁大学 ,"13,595（含全日制与非全日制）*(3)",公立，男女合校,雷丁,www.reading.ac.uk,195,无
加拿大,综合类大学,1,1965年,英属哥伦比亚省,西门菲莎大学 ,"35,604",公立，男女合校,本那比,www.sfu.ca,185,无
澳大利亚*(2),四星级大学,ERA：13*(1),1965年*(2),新南威尔士州,纽卡斯尔大学（澳洲） ,"35,998（其他学生人数：4,597）*(2)",公立，男女合校,纽卡斯尔*(2),www.newcastle.edu.au,190,无
,,,,,华中科技大学 ,,,,,184,
德国,综合性大学，可授予博士学位,,1967年*(1),,乌尔姆大学 ,"9,188(2013年)*(4)",公立，男女合校,乌尔姆,www.uni-ulm.de,186,无
加拿大,综合类大学,2,1963年,英属哥伦比亚省,维多利亚大学 ,"22,405",公立，男女合校,维多利亚,www.uvic.ca,181,无
澳大利亚,四星级大学,ERA：9*(2),1951年*(1),新南威尔士州,卧龙岗大学 ,"28,964（2012年统计数据）",公立，男女合校,卧龙岗（Wollongong）,www.uow.edu.au,191,无
美国,本科：8%*(4)研究生：23%*(5),124*(3),公立，男女合校,内布拉斯加州,内布拉斯加大学林肯分校 ,主校区2.48Km2，位于郊区*(1)总面积17.2 Km2,献身文学及一切艺术,林肯,中北部学院及学校协会（NCACS）,180,1869年*(1)
加拿大,医博类大学,8,1878年,安大略省,西安大略大学 ,"27,525",公立，男女合校,伦敦市,www.uwo.ca,179,无
美国,全国性大学,20*(2),1789*(1),哥伦比亚特区,乔治敦大学 ,"18,459",公立，男女合校,华盛顿,www.georgetown.edu,183,耶稣会（罗马天主教）
美国,1:18*(3),USNEWS：103*(2),1876,俄勒冈州,俄勒冈大学 ,,私立，男女合校*(3),尤金,西北学院及大学认证委员会（NWCCU）*(3),178,无
澳大利亚,1989年,ERA：12,A University For The Real World,昆士兰州,昆士兰科技大学 ,公立，男女合校,公立，男女合校,布里斯班,无,182,学以致用
澳大利亚,三星级大学,ERA：17*(2),1974年*(1),维多利亚州,迪肯大学 ,"49,373（其中远程教育学生人数为11,8771）*(3)",公立，男女合校,墨尔本（Melbourne）*(1) ,www.deakin.edu.au,176,无
QS世界：33(240)；Times国内：18,本科：94.5%；研究生：97.5% *(2),,公立，男女合校,英国,东安格利亚大学 ,市区,创造改变,英格兰,1994集团,177,1963 *(1)
美国,全国性大学,54*(2),1785*(1),佐治亚州,佐治亚大学 ,"36,130*(3)",公立，男女合校,"阿森斯（Athens,GA）",www.uga.edu,175,无
"
英国
","
综合性大学
","
49
","
1881年
","
苏格兰
",邓迪大学 ,"
16,500
","
公立，男女合校
","
邓迪
","
www.dundee.ac.uk
",171,"
无
"
澳大利亚,三星级大学,ERA：16*(2),1971年*(1),昆士兰州,格里菲斯大学 ,"43,000*(3)",公立，男女合校,布里斯班（Brisbane）,www.griffith.edu.au,174,无
澳大利亚,三星级大学,ERA：26*(3),1958年*(1),西澳大利亚州,科廷大学 ,"51,595（含无学位，全日制占比68%）*(4)",公立，男女合校,珀斯,www.curtin.edu.au,173,无
德国,综合性大学，可授予博士学位,,1665年*(1),,基尔大学（德国） ,"24,108 *(1)",公立，男女合校,基尔,www.uni-kiel.de,168,无
美国,全国性大学,94*(5),1886年*(1),纽约州,叶史瓦大学 ,"6,203",私立，男女合校,纽约市,www.yu.edu,169,犹太教
美国,全国性大学,34*(2),1948*(1),马萨诸塞州,布兰迪斯大学 ,"5,752",私立，男女合校,沃尔瑟姆,www.brandeis.edu,166,无
澳大利亚,四星级大学,ERA：13*(1),1893*(2),新南威尔士州*(2),悉尼科技大学 ,"37,673*(2)",公立，男女合校,悉尼,www.uts.edu.au,172,无
美国,全国性大学,USNEWS：56*(3),1821,哥伦比亚特区,乔治华盛顿大学 ,"26,212*(4)",私立，男女合校*(4),华盛顿,www.gwu.edu,170,
美国,全国性大学,69*(3),1872*(1),弗吉尼亚州,弗吉尼亚理工学院 ,"30,598",公立，男女合校,黑堡,www.vt.edu,165,无
美国,全国性大学,124*(2),1870年*(1),科罗拉多州,科罗拉多州立大学 ,"31,943",公立，男女合校,柯林斯堡,www.colostate.edu,163,无
澳大利亚,二星级大学（版本不同，有的版本将其归为三星级大学）,ERA：18*(3),1970年*(1),昆士兰州,詹姆斯库克大学 ,"20,000*(2)",公立，男女合校,布里斯班（Brisbane）*(1),www.jcu.edu.au,167,无
,,,,,名古屋大学 ,,,,,160,
英国,综合性大学,4,1413年,苏格兰,圣安德鲁斯大学 ,"9,850",公立，男女合校,圣安德鲁斯,www.st-andrews.ac.uk,159,无
美国,本科：6%研究生：17.0%*(3),115*(2),公立，男女合校,堪萨斯州,堪萨斯大学 ,4.5Km2，市区*(1),我将察此异象，这灌木何以浴火而不燃——语出《圣经·出埃及记第三章》,劳伦斯,中北部学院及学校协会（NCACS）,162,1865年*(1)
德国,12%(2012年)*(2),,1388年*(2),,科隆大学 ,"45,606(2012年)*(2)",公立，男女合校,科隆,精英大学,157,无
英国,综合性大学,40,1495年,苏格兰,阿伯丁大学 ,"15,515",公立，男女合校,阿伯丁,www.abdn.ac.uk,156,无
美国,"4,964",USNEWS：145*(3),公立，男女合校*(4),俄勒冈州,俄勒冈州立大学 ,,让自由之光照耀世界,科瓦利斯,6%*(5),155,
英国,综合性大学,QS世界：25(160)；Times国内：12,1964年*(1),英格兰,兰卡斯特大学 ,"13,080（含全日制与非全日制）*(2)",公立，男女合校,兰卡斯特,www.lancs.ac.uk,164,无
,,,,,中山大学 ,,,,,153,
美国,全国性大学,97*(3),1846*(1),纽约州,纽约州立大学水牛城分校 ,"29,944",公立，男女合校,水牛城,www.buffalo.edu,161,无
英国,综合性大学,QS世界：13(71)；Times国内：3,1895年*(1),英格兰,伦敦政治经济学院 ,"10,145（含全日制与非全日制）*(2)",公立，男女合校,伦敦,www.lse.ac.u,158,无
美国,全国性大学,192*(6),1889年*(1),新墨西哥州,新墨西哥大学 ,"27,353",公立，男女合校,阿布奎基,www.unm.edu,154,无
加拿大,综合类大学,综合类第3,1957年,安大略省,滑铁卢大学 ,"31,362",公立，男女合校,滑铁卢,www.uwaterloo.ca,149,无
美国,全国性大学,145*(4),1969年,德克萨斯州,德克萨斯大学达拉斯分校 ,"24,554",公立，男女合校,达拉斯,UTDallas.edu,152,无
美国,全国性大学,11*(2),1769*(1),新罕布什尔州,达特茅斯学院 ,"6,350",私立，男女合校,汉诺威,www.dartmouth.edu,148,无
"
英国
","
综合性大学
","
11
","
1963年
","
英格兰
",约克大学（英国） ,"
17,405
","
公立，男女合校
","
约克
","
www.york.ac.uk
",146,"
无
"
新西兰,综合性大学,,1883年,,奥塔戈大学 ,"21,728",公立，男女合校,奥塔戈、达尼丁,www.otago.ac.nz,145,无
德国,综合性大学，可授予博士学位,,1742年*(1),,埃尔朗根-纽伦堡大学 ,"37,891(2014年)*(5)",公立，男女合校,埃尔朗根、纽伦堡,www.fau.de,144,无
德国,综合性大学，可授予博士学位,,1402年*(1),,维尔茨堡大学 ,"28,395*(1)",公立，男女合校,维尔茨堡,www.uni-wuppertal.de,143,无
英国,综合性大学,32,1961年,英格兰,萨塞克斯大学 ,"13,130",公立，男女合校,法尔默,www.sussex.ac.uk,142,无
加拿大,医博类大学,8,1848年,安大略,渥太华大学 ,"42,027",公立，男女合校,渥太华,www.uottawa.ca,141,无
美国,全国性大学,81*(2),1887年*(1),北卡罗来纳州,北卡罗来纳州立大学 ,"33,989",公立，男女合校,罗利,www.ncsu.edu,147,无
英国,综合性大学,QS世界：31(211)；Times国内：14,1921年*(1),英格兰,莱斯特大学 ,"16,750（含全日制与非全日制）*(2)",公立，男女合校,莱斯特,,150,无
德国,综合性大学，可授予博士学位,,1946年*(1),,美因茨大学 ,"36,028*(4)",公立，男女合校,美因茨,www.uni-mainz.de,139,无
"
美国
",,,,"
马里兰州
",巴尔的摩 ,,,,,137,
澳大利亚,四星级大学,ERA：8*(1),1964*(2),新南威尔士州,麦考瑞大学 ,"38,747",公立，男女合校,悉尼,www.mq.edu.au,151,无
美国,全国性大学,40*(2),1898*(1),马萨诸塞州,东北大学 ,"24,944",私立，男女合校,波士顿,www.northeastern.edu,140,无
美国,"5,680*(4)",USNEWS：115*(3),公立，男女合校*(4),爱荷华州,爱荷华州立大学 ,,科学与实践相结合,埃姆斯市,全国性大学,138,
德国,综合性大学，可授予博士学位,,1780年*(1),,明斯特大学 ,"42,592(2014年)*(4)",公立，男女合校,明斯特,www.uni-muenster.de,133,无
,,,,,大阪大学 ,,,,,132,
美国,全国性大学,145*(3),1982年*(1),伊利诺伊州,伊利诺伊大学芝加哥分校 ,"29,048",公立，男女合校,芝加哥,www.uic.edu*(5),134,无
,,,,,南京大学 ,,,,,131,
英国,综合性大学,18,1963年,英格兰,纽卡斯尔大学（英国） ,"21,055",公立，男女合校,诺威治,www.ncl.ac.uk,129,无
美国,本科：4%*(4),133*(3),公立，男女合校,俄亥俄州,辛辛那提大学 ,1.91Km2，市区*(1),团结起来，追求最好,辛辛那提,中北部学院及学校协会（NCACS）,135,1819年*(1)
加拿大,医博类大学,9,1966年,阿尔伯塔省,卡尔加里大学 ,"31,327",公立，男女合校,卡尔加里,www.ucalgary.ca,128,无
德国,综合性大学，可授予博士学位,,1828年*(4),,德累斯顿工业大学 ,"37,134(2013年)*(4)",公立，男女合校,德累斯顿,tu-dresden.de,127,无
美国,全国性大学,103*(3),1794*(1),田纳西州,田纳西大学 ,"27,845",公立，男女合校,诺克斯维尔,www.utk.edu*(5),136,无
德国,综合性大学，可授予博士学位,,1914年/1991年*(1),,法兰克福大学 ,"41,000(2012年)*(4)",公立，男女合校,法兰克福（美因河畔）,www.uni-frankfurt.de,125,无
美国,全国性大学,81*(3),1851*(1),佛罗里达州,佛罗里达州立大学 ,"40,920",公立，男女合校,塔拉哈希,www.fsu.edu *(4),130,无
美国,全国性大学,18*(3),1842*(1),印第安纳州,圣母大学 ,"12,292",私立，男女合校,诺特丹,www.nd.edu,126,天主
德国,14%(2013年)*(5),,1870*(1),,亚琛工业大学 ,"40,025(2013年)*(5)",公立，男女合校,亚琛,精英大学欧洲技术大学联盟（IDEA League）欧洲工程教育联盟（SEFI）,121,无
德国,综合性大学，可授予博士学位,,1825/1865/2009年*(1),,卡尔斯鲁厄理工学院 ,"22,146(2013年) *(4)",公立，男女合校,卡尔斯鲁厄,www.kit.edu,120,无
美国,1:9*(3),USNEWS：29*(2),1852,马萨诸塞州,塔夫斯大学 ,,私立，男女合校*(3),梅德福德、萨默维尔,新英格兰小型学院体育联盟（NESCAC）,124,
英国,综合性大学,QS：11(61)；Times：5,1832*(1),英格兰,杜伦大学 ,"17,190（含全日制与非全日制学生）",公立，男女合校,杜伦,www.dur.ac.uk,123,无
,,,,,浙江大学 ,,,,,117,
"
英国
","
综合性大学
","
33
","
1883年
","
威尔士
",卡迪夫大学 ,"
27,745
","
公立，男女合校
","
卡迪夫
","
www.cardiff.ac.uk
",116,"
无
"
美国,全国性大学,159*(5),1969年*(1),阿拉巴马州,阿拉巴马大学伯明翰分校 ,"18,698",公立，男女合校,伯明翰,www.uab.edu,118,无
,,,,,上海交通大学 ,,,,,114,
德国,综合性大学，可授予博士学位,,1477年*(2),,蒂宾根大学 ,"27,132(2012年)*(2)",公立，男女合校,蒂宾根,www.uni-tuebingen.de,113,无
美国,全国性大学,46*(2),1925年*(1),佛罗里达州,迈阿密大学 ,"16,774",私立，男女合校,科勒尔盖布尔斯,www.miami.edu,122,无
英国,综合性大学,QS：27(161)；Times：7,1922年*(1),英格兰,埃克塞特大学 ,"19,520（含全日制与非全日制学生）*(2)",公立，男女合校,埃克塞特,,119,无
"
美国
",,,,"
明尼苏达州
",圣保罗（明尼苏达州） ,,,,,111,
德国,综合性大学，可授予博士学位,,1457年*(1),,弗莱堡大学 ,"24,721*(4)",公立，男女合校,弗莱堡,www.uni-freiburg.de,109,无
美国,全国性大学,97*(2),1957*(3),纽约州,纽约州立大学石溪分校 ,"21,050",公立，男女合校,石溪,www.stonybrook.edu,115,无
,,,,,复旦大学 ,,,,,108,
,,,,,中国科学技术大学 ,,,,,106,
美国,全国性大学,78*(2),1847*(1),爱荷华州,爱荷华大学 ,"31,387",公立，男女合校,爱荷华城,www.uiowa.edu,112,无
英国,综合性大学,QS：14(70)；Times：25,1881*(1),英格兰,诺丁汉大学 ,"33,270（含全日制与非全日制学生）",公立，男女合校,诺丁汉,www.nottingham.ac.uk,104,无
德国,综合性大学，可授予博士学位,,1607年*(1),,哥廷根大学 ,"26,472(2013年)*(5)",公立，男女合校,哥廷根,www.uni-giessen.de,103,无
美国,本科：11%*(4),37*(2),1967*(1),俄亥俄州,凯斯西储大学 ,"11,340",私立，男女合校,克里夫兰,中北部学院及学校协会（NCACS）,107,无
新西兰,综合性大学,,1883年,,奥克兰大学 ,"39,940",公立，男女合校,奥克兰,www.auckland.ac.nz,101,无
美国,全国性大学,124*(2),1954*(1),加利福尼亚州,加州大学河滨分校 ,-,公立，男女合校,河滨,www.ucr.edu,102,无
英国,本科：27.1%；研究生：47.2%*(2),QS：10(48)；Times：8,物由心动,英格兰,华威大学 ,无,Mind moves matter,考文垂,综合性大学,110,公立，男女合校
德国,综合性大学，可授予博士学位,,1919年*(1),,汉堡大学 ,"41,760(2014年)*(4)",公立，男女合校,汉堡,www.uni-hamburg.de,99,无
英国,综合性大学,QS世界：18(87)；Times国内：17,1874年*(1),英格兰*(1),利兹大学 ,"30,975（含全日制与非全日制）*(2)",公立，男女合校,利兹*(1),www.leeds.ac.uk,100,无
加拿大,医博类大学,5,1908年,阿尔伯塔,阿尔伯塔大学 ,"38,774",公立，男女合校,埃德蒙顿,www.ualberta.ca,98,无
加拿大,医博类大学,10,1878年,魁北克省,蒙特利尔大学 ,"58,482",公立，男女合校,蒙特利尔,www.umontreal.ca,95,无
"
英国
","
综合性大学
","
36
","
1882年
","
英格兰
",利物浦大学 ,"
21,875
","
公立，男女合校
","
利物浦
","
www.liv.ac.uk
",94,"
无
"
英国*(1),综合性大学*(1),QS世界：12(69)；Times国内：18,1828年*(1),英格兰,谢菲尔德大学 ,"26,600（含全日制与非全日制）*(2)",公立，男女合校*(1),谢菲尔德*(1),,105,无
美国,全国性大学,110*(3),1850年*(1),犹他州,犹他大学 ,"31,551",公立，男女合校,盐湖城,www.utah.edu,96,无
加拿大,医博类大学,医博类第6,1887年,安大略省,麦克马斯特大学 ,"24,461",公立，男女合校,汉密尔顿（安大略省）,www.mcmaster.ca,92,无
医学研究排名：20*(2),,,公立，男女合校,美国,贝勒医学院 ,市区*(1),休斯敦,德克萨斯州,"2,134，其中：★Medical School 747人★Graduate School 615人★Allied Health 190人★Postdocs 582人*(1)",90,1900*(1)
美国,全国性大学,90*(2),1820*(1),印第安纳州,印第安纳大学伯明顿分校 ,"48,514",公立，男女合校,伯明顿,www.iub.edu,93,无
美国,全国性大学,115*(3),1885*(2),亚利桑那州,亚利桑那州立大学 ,"51,984",公立，男女合校,坦佩、菲尼克斯、梅沙、哈瓦苏湖城,www.asu.edu,97,无
,,,,,法语 ,,,,,89,
美国,全国性大学,USNEWS：75*(3),1863,马萨诸塞州,马萨诸塞大学阿默斯特分校 ,"29,269",公立，男女合校*(4),阿默斯特,www.umass.edu,91,
,,,,,京都大学 ,,,,,85,
德国,综合性大学，可授予博士学位,,1948年*(4),,柏林自由大学 ,"34,518(2013年)*(4)",公立，男女合校,柏林,www.fu-berlin.de,84,无
美国,本科：17%*(5),USNEWS：34*(3),1850,纽约州,罗切斯特大学 ,,私立，男女合校*(4),罗彻斯特（Rochester）,中部各州学院及学校协会（MSACS）*(4),83,
美国,1:20*(5),USNEWS：69*(4),1876,德克萨斯州,德州农工大学 ,,公立，男女合校*(5),卡城,南部学院及学校协会（SACS）,87,
澳大利亚,五星级大学,ERA：7*(4),1874年*(3),南澳大利亚州,阿德雷德大学 ,"20,779（含无学位项目学生）*(5)",公立，男女合校,阿德雷德,www.adelaide.edu.au,88,无
德国,综合性大学，可授予博士学位,,1962年*(1),,波恩大学 ,"32,500(2012年8月)*(4)",公立，男女合校,波恩,www.uni-bonn.de,80,无
英国*(1),综合性大学*(1),QS：20(109)；Times：34,1785*(1),英格兰*(1),伦敦大学玛丽女王学院 ,"15,960（含全日制与非全日制学生）*(2)",公立，男女合校*(1),伦敦*(1),http://www.qmul.ac.uk/*(1),86,无*(1)
美国,全国性大学,25*(2),1819*(1),弗吉尼亚州,弗吉尼亚大学 ,"21,985*(5)",公立，男女合校,夏洛特维尔,www.virginia.edu,82,无
英国,综合性大学,QS世界：64(11)；Times国内：16,1825年*(1),英格兰*(1),伯明翰大学 ,"32,335（含全日制与非全日制）*(2)",公立，男女合校*(1),伯明翰*(1),,81,无
英国,综合性大学,20,1862年,英格兰,南安普敦大学 ,"24,135",公立，男女合校,谢菲尔德,www.southampton.ac.uk,77,无
美国,全国性大学,56*(5),1869*(2),印第安纳州,普渡大学西拉法叶分校 ,"39,409*(4)",公立，男女合校,西拉法叶,www.purdue.edu,79,无
美国,1:9*(4),USNEWS：14*(3),1764,罗德岛州,布朗大学 ,,私立，男女合校*(4),普罗维登斯,常春藤盟校,74,
美国,全国性大学,69*(2),1766*(2),新泽西州,罗格斯大学 ,"48,378",公立，男女合校,新布伦瑞克、皮斯卡特维,www.newbrunswick.rutgers.edu,76,无
英国,综合性大学,QS：12(62)；Times：26,1451*(1),苏格兰,格拉斯哥大学 ,"27,390（含全日制与非全日制学生）",公立，男女合校,格拉斯哥,www.gla.ac.uk,78,无
德国,16.6%(2014年)*(6),,1810年*(5),,柏林洪堡大学 ,"30,320(2014年)*(6)",公立，男女合校,柏林,精英大学,72,无
美国,本科：1.3%*(3),42*(2),公立，男女合校,佛罗里达州,佛罗里达大学 ,8.1Km2，郊区*(1),公民与德，国家之福,盖恩斯维尔,南部学院及学校协会（SACS）,75,1853年*(1)
德国,20%(2013年)*(5),,1868*(1),,慕尼黑工业大学 ,"35,979(2013年)*(5)",公立，男女合校,慕尼黑,精英大学,69,无
美国,全国性大学,124*(2),1885*(2),亚利桑那州,亚利桑那大学 ,"43,088*(3)",公立，男女合校,图森,www.arizona.edu,68,无
美国,全国性大学,14*(2),1891*(1),德克萨斯州,莱斯大学 ,"6,623",私立，男女合校,休斯敦,www.rice.edu,71,无
美国,全国性大学,81*(2),1855*(1),密歇根州,密歇根州立大学 ,"50,543",公立，男女合校,东兰辛,www.msu.edu,70,无
澳大利亚,五星级大学,ERA：6*(5),1911年*(1),西澳大利亚州,西澳大学 ,"25,047*(6)",公立，男女合校,珀斯,www.uwa.edu.au,73,无
,,,,,医学 ,,,,,65,
,,,,,伦敦大学 ,,,,"
www.london.ac.uk
",64,
美国,1:13*(4),25*(3),1900*(1),宾夕法尼亚州,卡耐基梅隆大学 ,,私立，男女合校,匹兹堡,全国性大学,67,无
美国,全国性大学,34*(2),1885*(1),佐治亚州,佐治亚理工学院 ,"23,109",公立，男女合校,亚特兰大,www.gatech.edu,62,无
美国,全国性大学,42*(2),1965年*(1),加利福尼亚州,加州大学尔湾分校 ,"31,551*(3)",公立，男女合校,尔湾,www.uci.edu,66,无
美国,全国性大学 *(3),21*(2),1836 *(1),佐治亚州 *(1),艾茉莉大学 ,"14,724*(4)",私立，男女合校 *(3),亚特兰大 *(1),www.emory.edu *(3),61,基督教 *(1)
英国,综合性大学,QS世界：7(29)；Times国内：15,1909年*(1),英格兰,布里斯托大学 ,"20,107（含全日制与非全日制）*(3)",公立，男女合校,布里斯托,bristol.ac.uk,63,无
澳大利亚,五星级大学,ERA：3*(2),1946年*(3),首都特区,澳洲国立大学 ,"21,149*(4)",公立，男女合校,堪培拉,www.anu.edu.au,59,无
美国,全国性大学,14*(5),1873*(2),田纳西州,范德堡大学 ,"12,567",私立，男女合校,纳什维尔,www.vanderbilt.edu,57,无
,,,,,北京大学 ,,,,,55,
,,,,,清华大学 ,,,,,54,
澳大利亚,五星级大学,ERA：4*(2),1949年*(4),新南威尔士州,新南威尔士大学 ,"50,516*(4)",公立，男女合校,悉尼,www.unsw.edu.au,60,无
澳大利亚,五星级大学,ERA：5*(5),1958年*(4),维多利亚州,莫纳什大学 ,"64,500（含无学位项目学生）*(7)",公立，男女合校,墨尔本,www.monash.edu.au,58,无
德国,综合性大学，可授予博士学位,,1386*(1),,海德堡大学 ,"30,873(2013年)*(6)",公立，男女合校,海德堡,www.uni-heidelberg.de,51,无
美国,1:16*(5),USNEWS：52*(4),1855,宾夕法尼亚州,宾州州立大学公园分校 ,,公立，男女合校*(5),大学公园,美国大学协会(AAU)公立常春藤宾夕法尼亚联邦高等教育系统*(1),56,
日本,综合性大学,,1877*(1),,东京大学 ,"27,847(2015年)*(2)",公立（国立），男女合校,东京,http://www.u-tokyo.ac.jp/en/index.html,50,无
新加坡,综合性大学,,1955年,,南洋理工大学 ,"28,949",公立，男女合校,,www.ntu.edu.sg,49,无
美国,全国性大学,46*(2),1905年（1959年正式成为加州大学系统的一员）*(1),加利福尼亚州,加州大学戴维斯分校 ,"36,104*(3)",公立，男女合校,戴维斯,www.ucdavis.edu,48,无
美国,本科：13%*(5)本科+研究生：23.8%*(6),21*(2),私立，男女合校,加利福尼亚州,南加州大学 ,1.25Km2 城区*(3),让有功者受禄,洛杉矶,西部学校及学院协会（WACS）,53,1880*(3)
美国,1:18*(3),52*(2),1867*(1),伊利诺伊州,伊利诺伊大学厄本那-香槟分校 ,,公立，男女合校,厄本那-香槟,美国大学协会（AAU）公立常春藤（Public Ivy）伊利诺伊大学系统十大联盟（Big Ten）,47,无
加拿大,医博类大学,医博类第1,1821年,魁北克,麦吉尔大学 ,"34,819",公立，男女合校,蒙特利尔,www.mcgill.ca,45,无
英国,综合性大学,QS世界：8(30)；Times国内：26,2004年（最早可追溯至1824年）*(1),英格兰,曼彻斯特大学 ,"37,925（含全日制与非全日制）*(3)",公立，男女合校,曼彻斯特,www.manchester.ac.uk,52,无
美国,全国性大学,81*(2),1965*(1),加利福尼亚州,加州大学圣克鲁兹分校 ,"17,868",公立，男女合校,圣克鲁兹,www.ucsc.edu,43,无
美国,1:16*(5),61*(2),1856年*(1),马里兰州,马里兰大学学院公园分校 ,,公立，男女合校,学院公园,美国大学协会（AAU）公立常春藤（Public Ivy）马里兰大学系统*(1),46,无
美国,全国性大学,68*(2),1787*(1),宾夕法尼亚州,匹兹堡大学 ,"25,464（不含Part-time），28,650（含Part-time）*(4)",公立，男女合校,匹兹堡另有本科学院设在布兰德福德、格林斯堡、约翰斯敦和泰特斯维尔,www.pitt.edu,44,无
新加坡,综合性大学,,1905年,,新加坡国立大学 ,"37,426",公立，男女合校,,www.nus.edu.sg,39,无
美国,6%*(5),90*(4),公立，男女合校,科罗拉多州,科罗拉多大学博尔德分校 ,3.18Km2，市区*(2),点亮心光,博尔德,中北部学院及学校协会（NCACS）,40,1876*(2)
美国,全国性大学,54*(3),1870*(2),俄亥俄州,俄亥俄州立大学 ,"58,663",公立，男女合校,哥伦布,www.osu.edu,42,无
澳大利亚,五星级大学,ERA：3*(2),1909年*(3),昆士兰州,昆士兰大学 ,"48,804*(3)",公立，男女合校,布里斯班,www.uq.edu.au,41,无
德国,14.4%(2012年)*(4),,1472年*(1),,慕尼黑大学 ,"48,938(2012年)*(4)",公立，男女合校,慕尼黑,精英大学欧洲研究型大学联盟（LERU）,36,无
英国,综合性大学,QS世界：5(16)；Times国内：27,1829年（其最古老的医学院成立于1550年）*(1),英格兰,伦敦大学国王学院 ,"27,645（含全日制与非全日制）*(2)",公立，男女合校,伦敦,www.kcl.ac.u,37,无
美国,1:17*(3),USNEWS：69*(3),1851,明尼苏达州,明尼苏达大学双城分校 ,,公立，男女合校*(4),明尼阿波利斯、圣保罗,美国大学协会(AAU)*(1),38,
美国,1:13*(3),30*(2),1789*(1),北卡罗来纳州,北卡罗来纳大学教堂山分校 ,,公立，男女合校*(3),教堂山,美国大学协会（AAU）公立常春藤（Public Ivy）北卡罗来纳大学系统*(1),33,无
美国,全国性大学,18*(2),1853,密苏里州,圣路易斯华盛顿大学 ,"12,951（不含Part-time）",私立，男女合校,圣路易斯,中北部学院及学校协会（NCACS）*(4),32,无
澳大利亚,五星级大学,ERA：2*(2),1850年*(3),新南威尔士州,悉尼大学 ,"51,394*(3)",公立，男女合校,悉尼,www.sydney.edu.au,34,无
美国,"13,954*(4)",USNEWS：37*(3),1839,马萨诸塞州,波士顿大学 ,,私立，男女合校*(4),波士顿,全国性大学,35,
美国,全国性大学,37*(2),1891*(1),加利福尼亚州,加州大学圣塔芭芭拉分校 ,"23,497",公立，男女合校,圣塔芭芭拉,www.ucsb.edu,28,无
美国,1:18*(5),56*(4),1883*(1),德克萨斯州,德克萨斯大学奥斯汀分校 ,,公立，男女合校,奥斯汀,德克萨斯大学系统（UT）公立常春藤（Public Ivy）美国大学协会（AAU）*(3),31,无
加拿大,医博类大学,3,1908年,英属哥伦比亚,英属哥伦比亚大学 ,"48,768",公立，男女合校,温哥华,www.ubc.ca,26,无
美国,全国性大学,30*(2),1831*(1)(3),纽约州,纽约大学 ,"49,274",私立，男女合校,纽约市,www.nyu.edu,27,无
美国,全国性大学,46*(2),1848*(1),威斯康辛州,威斯康辛大学麦迪逊分校 ,"43,389*(3)",公立，男女合校,麦迪逊,www.wisc.edu,30,无
英国,综合性大学,QS：6(17)；Times：22,1582*(1),苏格兰,爱丁堡大学 ,"27,625（含全日制与非全日制学生）",公立，男女合校,爱丁堡,www.ed.ac.uk,29,无
美国,1:7*(3),USNEWS：11 *(2),1851,伊利诺伊州,西北大学 ,,私立，男女合校*(3),埃文斯顿,美国大学协会(AAU)隐藏常春藤*(1),24,
澳大利亚,五星级大学,ERA：1*(2),1853*(3),维多利亚州,墨尔本大学 ,"40,454*(3)",公立，男女合校,墨尔本,www.unimelb.edu.au,25,无
美国,全国性大学,USNEWS:14*(1),1865年,纽约州,康奈尔大学 ,"21,904",私立，男女合校*(3),伊萨卡,www.cornell.edu,23,
美国,全国性大学,8*(2),1740*(1),宾夕法尼亚州,宾夕法尼亚大学 ,"21,395",私立，男女合校,费城,www.upenn.edu,19,无
美国,医学院,医学研究：3*(2),1873*(1),加利福尼亚州,加州大学旧金山分校 ,"5,590（含研究生、驻院学员、博士后）*(3)",公立，男女合校,旧金山,www.ucsf.edu,15,无
美国,本科：6%*(3),42*(2),公立，男女合校,加利福尼亚州,加州大学圣地亚哥分校 ,8.66Km2，郊区*(1),要有光,拉霍亚,西部学校及学院协会（WASC）,16,1960*(1)
英国,综合性大学,QS世界：1(2)；Times国内：5,1907年*(1),英格兰,帝国理工学院 ,"16,225（含全日制与非全日制）*(2)",公立，男女合校,伦敦,www.imperial.ac.uk,17,无
美国,"15,339*(6)",USNEWS：28*(5),1817,密歇根州,密歇根大学安娜堡分校 ,,公立，男女合校*(6),安娜堡,本科：6.9%*(7),18,
美国,全国性大学,21*(2),1919*(1),加利福尼亚州,加州大学洛杉矶分校 ,"43,301",公立，男女合校,洛杉矶,www.ucla.edu,13,无
美国,全国性大学,3*(5),1701*(1),康涅狄格州,耶鲁大学 ,"12,312",私立，男女合校,纽黑文,www.yale.edu,12,无
3,本科：11%*(4),,私立，男女合校,美国,芝加哥大学 ,0.85Km2 市区*(1),“益智厚生”，意思是“提升知识，以充实人生。”,伊利诺伊州,中北部学院及学校协会（NCACS）,14,1890*(1)
56*(2),本科：15%*(4),,公立，男女合校,美国,华盛顿大学 ,2.8Km2*(1),要有光,华盛顿州,西北学院及大学认证委员会（NWCCU）*(3),11,1861*(1)
美国,1:12*(6),USNEWS：11*(5),1876,马里兰州,约翰霍普金斯大学 ,,私立，男女合校*(6),巴尔的摩,美国大学协会(AAU)*(3)隐藏常春藤,10,
美国,全国性大学,1*(2),1746*(1),新泽西州,普林斯顿大学 ,"8,138",私立，男女合校,普林斯顿,www.princeton.edu,9,无
美国,全国性大学,10*(6),1891*(1),加利福尼亚州,加州理工学院 ,"2,255",私立，男女合校,帕萨迪纳,www.caltech.edu,6,无
美国,1:6,5*(2),1754*(1),纽约州,哥伦比亚大学 ,,私立，男女合校,纽约市,常春藤盟校美国大学协会（AAU）*(1),8,无
英国,综合性大学,QS：1(3)；Times：1,1209*(1),英格兰,剑桥大学 ,"19,580（含全日制与非全日制学生）",公立，男女合校,剑桥,www.cam.ac.uk,7,无
美国,全国性大学,5*(2),1891*(1),加利福尼亚州,斯坦福大学 ,"16,770",私立，男女合校,斯坦福,www.stanford.edu,3,无
美国,全国性大学,21*(3),1868*(1),加利福尼亚州,加州大学伯克利分校 ,"38,204",公立，男女合校,伯克利,www.berkeley.edu,4,无
美国,全国性大学,5*(6),1861*(1),马萨诸塞州,麻省理工学院 ,"11,331",私立，男女合校,剑桥,www.mit.edu,2,无
英国,综合性大学,QS世界：2(6)；Times国内：1,确切年份不可考，授课记录始自1096年*(1),英格兰,牛津大学 ,"25,905（含全日制与非全日制）*(3)",公立，男女合校,牛津,www.ox.ac.uk,5,无
